,Make,Year of manufacture,Condition,Mileage,Engine_Size,Fuel,Transmission,Price,Build
32,14,2011,0,105546,4600,0,0,14040000,0
44,27,2014,0,216924,2500,0,0,9360000,0
50,27,2014,0,216924,2500,0,0,9360000,0
54,14,2016,0,107355,5700,0,0,42000000,0
57,17,2007,1,209466,4700,0,0,4515000,0
62,14,2010,1,135819,3500,0,0,8610000,0
64,17,2015,0,120785,4500,0,0,18720000,0
65,14,2006,0,156704,3300,0,0,3640000,0
67,14,2008,0,162262,4700,0,0,4725000,0
70,13,2011,0,132352,5000,0,0,5250000,0
71,27,2010,1,170599,3500,0,0,6825000,0
77,14,2015,1,228013,3500,0,0,15600000,0
79,27,2015,1,79277,4000,0,0,17680000,0
80,14,2015,0,88745,3500,0,0,9450000,0
82,27,2010,1,158017,3500,0,0,6825000,0
84,14,2004,1,250650,3500,0,0,6032000,0
85,17,2006,0,243975,3500,0,0,3360000,0
87,13,2018,1,30092,3000,1,0,36750000,0
89,17,2012,1,173337,3500,0,0,11025000,0
93,14,2005,1,95873,3300,0,0,5200000,0
94,13,2018,1,30092,3000,1,0,36750000,0
97,17,2010,0,112360,4600,0,0,6240000,0
98,27,2010,1,170599,3500,0,0,6825000,0
100,14,2010,1,344424,3500,0,0,9048000,0
101,14,2007,0,170778,3300,0,0,4680000,0
105,17,2010,0,112360,4600,0,0,6240000,0
106,0,2007,1,233488,3700,0,0,3570000,0
108,0,2011,0,90726,3700,0,0,4200000,0
109,17,2014,0,152669,4700,0,0,13520000,0
110,27,2015,0,47602,3500,0,0,9660000,0
113,27,2013,0,126686,3500,0,0,7280000,0
114,14,2010,1,344424,3500,0,0,9048000,0
115,14,2005,1,95873,3300,0,0,5200000,0
116,13,2013,0,76069,4500,0,0,4200000,0
118,14,2002,1,119143,3000,0,0,3848000,0
119,13,2011,0,26628,5000,0,0,9360000,0
121,14,2007,1,175135,3500,0,0,4500000,0
124,27,2004,1,294359,2400,0,0,4160000,0
126,17,2015,1,39662,3500,0,0,14560000,0
127,22,2004,1,359713,4500,0,0,4200000,0
128,17,2010,0,96957,3500,0,0,6240000,0
131,27,2007,1,149184,4000,0,0,6448000,0
135,14,2014,1,139592,4600,0,0,23920000,0
139,0,2011,0,78613,3700,0,0,6240000,0
142,27,2007,0,104336,2400,0,0,3328000,0
144,17,2007,0,1966,35,0,0,5720000,0
145,27,2017,1,107748,2500,0,0,12600000,0
147,17,2009,0,121829,4600,0,0,5720000,0
148,17,2010,0,96957,3500,0,0,6240000,0
152,14,2015,0,24855,3500,0,0,10920000,0
153,13,2006,1,213515,4400,0,0,3150000,0
154,27,2011,0,114388,4000,0,0,10500000,0
156,27,2010,1,236601,2500,0,0,6448000,0
157,13,2016,1,102429,35,0,0,36750000,0
158,27,2017,1,107748,2500,0,0,12600000,0
160,17,2011,0,112122,4700,0,0,6760000,0
161,14,2007,0,170778,3300,0,0,4680000,0
162,14,2004,0,98430,4700,0,0,4680000,0
163,27,2008,1,93474,3500,0,0,6300000,0
165,17,2015,1,168946,3500,0,0,17680000,0
166,27,2015,0,67161,2500,0,0,10400000,0
167,14,2007,1,104138,3500,0,0,5928000,0
169,17,2012,1,165585,3500,0,0,13520000,0
170,27,2008,0,118743,3500,0,0,4784000,0
171,27,2010,1,131164,2700,0,0,6090000,0
172,27,2009,1,168603,2500,0,0,4620000,0
175,13,2014,0,56908,5000,0,0,26000000,0
177,27,2009,0,205371,3500,0,0,7072000,0
178,17,2006,0,380097,5000,0,0,5200000,0
179,17,2015,1,39662,3500,0,0,14560000,0
180,14,2001,1,199731,3000,0,0,3150000,0
182,27,2005,1,260730,4700,0,0,4992000,0
184,27,2011,0,114388,4000,0,0,10500000,0
187,27,2014,1,70649,3500,0,0,8400000,0
189,17,2008,0,650,4000,0,0,6760000,0
190,0,2011,0,90726,3700,0,0,4200000,0
191,27,2013,0,79393,4700,0,0,26000000,0
192,14,2004,0,98430,4700,0,0,4680000,0
194,14,2006,0,144513,3300,0,0,3744000,0
195,27,2015,0,67161,2500,0,0,10400000,0
200,17,2013,1,222344,3500,0,0,8925000,0
201,27,2011,1,93785,3000,0,0,8528000,0
202,17,2010,0,299309,4600,0,0,5775000,0
204,0,2011,0,178050,3700,0,0,5200000,0
205,27,2015,1,218139,2700,0,0,8925000,0
210,17,2007,0,110228,4500,0,0,5200000,0
212,27,2014,1,86077,3500,0,0,14700000,0
213,27,2012,0,76334,3500,0,0,5565000,0
214,14,2014,1,139592,4600,0,0,23920000,0
216,27,2007,0,104336,2400,0,0,3328000,0
217,17,2006,1,239529,5000,0,0,4515000,0
218,13,2006,1,118872,3500,0,0,3150000,0
221,14,2007,0,156579,3500,0,0,5200000,0
222,14,2014,0,69129,4600,0,0,18375000,0
223,13,2011,0,7842,4000,0,0,6825000,0
224,27,2010,0,106427,3500,0,0,6968000,0
228,15,2019,0,35976,2000,0,0,17850000,0
233,13,2011,0,7842,4000,0,0,6825000,0
234,17,2010,1,242841,3500,0,0,6615000,0
236,17,2013,0,90604,4700,0,0,15600000,0
237,13,2006,0,137818,4000,0,0,3328000,0
238,14,2007,0,177336,3500,0,0,3650000,0
239,27,2010,1,159981,3500,0,0,7560000,0
240,13,2010,0,140366,50000,0,0,4200000,0
241,14,2012,1,134949,3500,0,0,10192000,0
244,27,2005,1,260730,4700,0,0,4992000,0
247,17,2017,0,33853,3000,0,0,33280000,0
248,27,2015,1,150157,2700,0,0,10400000,0
251,17,2012,1,165585,3500,0,0,13520000,0
252,13,2006,0,137818,4000,0,0,3328000,0
254,14,2001,1,199731,3000,0,0,3150000,0
256,6,2008,0,167643,3600,0,0,3360000,0
259,14,2007,0,156579,3500,0,0,5200000,0
260,27,2009,1,176951,2700,0,0,6300000,0
262,0,2010,1,147282,3700,0,0,9360000,0
263,14,2010,0,203171,4600,0,0,13520000,0
266,13,2016,1,102429,35,0,0,36750000,0
268,17,2009,0,100337,4600,0,0,4472000,0
269,27,2014,1,40470,4000,0,0,26000000,0
270,27,2015,0,37591,3500,0,0,12480000,0
271,13,2012,0,22281,4900,0,0,8320000,0
274,17,2006,1,239529,5000,0,0,4515000,0
280,27,2013,1,195785,3500,0,0,10400000,0
281,27,2008,0,155618,2400,0,0,3016000,0
283,14,2017,1,26250,3500,0,0,23920000,0
288,17,2018,1,115896,3500,0,0,24150000,0
292,17,2018,1,56263,3000,0,0,52000000,0
293,17,2007,0,110228,4500,0,0,5200000,0
295,17,2013,1,225174,3500,0,0,13520000,0
299,27,2015,0,47602,3500,0,0,9660000,0
304,27,2014,1,115296,3500,0,0,15600000,0
305,14,2008,0,142273,3500,0,0,4680000,0
306,13,2018,1,59656,3000,1,0,42000000,0
307,17,2009,0,100337,4600,0,0,4472000,0
309,27,2019,1,63646,2500,0,0,16800000,0
311,13,2006,1,118872,3500,0,0,3150000,0
312,27,2015,1,150157,2700,0,0,10400000,0
313,17,2015,0,61515,3500,0,0,14560000,0
314,27,2012,0,47180,2700,0,0,14560000,0
319,14,2004,1,272206,4700,0,0,11440000,0
325,14,2006,0,210014,4700,0,0,4160000,0
326,17,2015,0,61515,3500,0,0,14560000,0
327,27,2015,0,37591,3500,0,0,12480000,0
328,17,2009,1,232438,3500,0,0,6300000,0
331,17,2012,1,148637,3500,0,0,13000000,0
332,27,2009,0,149599,3500,0,0,5200000,0
336,0,2007,1,196814,3700,0,0,3570000,0
338,14,2006,0,157518,3300,0,0,4160000,0
341,0,2008,0,174107,3700,0,0,3744000,0
344,13,2008,1,418613,4400,0,0,5250000,0
345,27,2013,0,103941,2700,0,0,12480000,0
347,15,2008,1,186615,3500,0,0,3990000,0
348,17,2010,1,149647,3500,0,0,8112000,0
349,17,2011,0,73624,3500,0,0,5250000,0
350,13,2013,0,70430,2000,0,0,9360000,0
355,17,2009,1,232438,3500,0,0,6300000,0
356,13,2010,0,140366,50000,0,0,4200000,0
358,13,2008,0,178780,4700,0,0,3150000,0
362,27,2009,1,124609,3500,0,0,5775000,0
363,13,2013,0,76069,4500,0,0,4200000,0
365,14,2003,1,239713,4700,0,0,5565000,0
367,14,2010,0,114626,3500,2,0,6760000,0
374,27,2012,1,125026,3500,0,0,8715000,0
377,17,2020,1,20106,2000,0,0,58800000,0
381,17,2011,0,73624,3500,0,0,5250000,0
382,14,2003,1,239713,4700,0,0,5565000,0
387,17,2009,0,175241,3500,0,0,3675000,0
389,27,2019,2,10427,24,0,0,30450000,0
394,27,2011,1,160336,3500,0,0,6240000,0
395,27,2012,0,76334,3500,0,0,5565000,0
396,23,2005,0,60207,2000,0,0,3675000,0
398,27,2008,0,113236,3500,0,0,3885000,0
404,27,2008,0,198747,30,0,0,4200000,0
406,27,2016,1,16548,2500,0,0,12480000,0
417,17,2009,1,95356,3000,0,0,7350000,0
418,27,2018,1,86061,35,0,0,23920000,0
419,27,2010,0,146899,35,0,0,5200000,0
421,27,2009,0,225960,2700,0,0,6552000,0
423,27,2008,0,259700,35,0,0,5200000,0
424,17,2020,1,20106,2000,0,0,58800000,0
425,27,2011,0,80973,35,0,0,7280000,0
428,13,2007,0,216498,4700,0,0,3150000,0
429,27,2012,0,284635,2700,0,0,5720000,0
430,17,2015,1,38636,4700,0,0,19760000,0
434,14,2004,1,272206,4700,0,0,11440000,0
436,27,2011,0,92016,3500,0,0,5880000,0
437,14,2009,1,95321,3500,0,0,6448000,0
439,14,2013,1,139005,3400,0,0,12075000,0
442,14,2005,0,109691,3300,0,0,3360000,0
443,14,2014,1,68276,3500,0,0,15600000,0
444,17,2010,1,142261,3500,0,0,8840000,0
445,17,2013,1,104536,3500,0,0,14352000,0
447,14,2017,1,68077,3500,0,0,26000000,0
450,6,2013,0,178268,35000,0,0,4788000,0
453,27,2009,0,89921,2700,0,0,14560000,0
455,27,2002,1,125606,2000,0,0,3255000,0
456,17,2016,1,54116,3500,0,0,18375000,0
457,27,2011,0,80973,35,0,0,7280000,0
462,27,2012,0,284635,2700,0,0,5720000,0
464,0,2008,0,174861,3700,0,0,3536000,0
466,27,2005,1,290022,3300,0,0,4368000,0
468,13,2006,1,613630,4400,0,0,5200000,0
469,17,2008,1,87432,4600,0,0,5775000,0
478,0,2008,0,174861,3700,0,0,3536000,0
479,27,2002,1,125606,2000,0,0,3255000,0
482,27,2021,2,80,4000,0,0,46800000,0
483,5,2012,1,149681,3500,0,0,5720000,0
485,27,2006,0,128397,3300,2,0,3120000,0
488,17,2008,1,87432,4600,0,0,5775000,0
491,17,2015,1,183487,3500,0,0,13650000,0
492,13,2007,0,216498,4700,0,0,3150000,0
495,14,2018,1,53288,3500,0,0,21000000,0
496,13,2015,1,88166,2000,0,0,11025000,0
497,14,2005,0,109691,3300,0,0,3360000,0
499,17,2013,1,104536,3500,0,0,14352000,0
501,27,2011,1,63404,3500,0,0,8295000,0
502,17,2010,1,142261,3500,0,0,8840000,0
505,5,2010,1,155547,3500,0,0,3952000,0
506,17,2008,0,237536,3500,0,0,3675000,0
507,0,2010,1,221054,3700,0,0,9450000,0
508,27,2005,1,290022,3300,0,0,4368000,0
510,27,2007,0,114531,3300,0,0,3640000,0
513,17,2012,0,144761,30,0,0,7280000,0
514,14,2015,1,40837,3500,0,0,10500000,0
515,17,2006,1,185092,3500,0,0,6240000,0
518,14,2015,1,82357,3500,0,0,20500000,0
524,5,2013,1,140864,3500,0,0,4725000,0
528,27,2007,0,114531,3300,0,0,3640000,0
529,13,2012,1,170174,5000,0,0,12480000,0
535,17,2006,0,170599,3500,0,0,3150000,0
538,5,2012,0,80400,2000,0,0,3360000,0
544,27,2011,0,66737,2500,0,0,3360000,0
554,27,2010,1,17429,4000,0,1,26250000,0
555,14,2011,1,30457,3500,0,0,9984000,0
556,5,2007,1,303226,3500,0,0,3328000,0
557,27,2013,0,89445,3500,0,0,6760000,0
558,5,2011,0,84719,3500,0,0,5250000,0
561,5,2007,1,147723,4000,0,0,3150000,0
562,5,2012,1,232070,3500,0,0,7800000,0
563,27,2011,1,160336,3500,0,0,6240000,0
565,5,2005,1,164909,5400,0,0,3045000,0
567,27,2011,1,124744,3500,0,0,7350000,0
570,27,2011,0,185520,3500,0,0,5225000,0
572,5,2011,0,143007,3500,0,0,5250000,0
578,27,2016,1,16548,2500,0,0,12480000,0
580,5,2013,1,217417,3500,0,0,6240000,0
582,5,2005,1,212433,3000,0,0,4200000,0
583,17,2017,0,39674,3500,0,0,13650000,0
584,14,2010,1,120660,3500,0,0,8400000,0
585,27,2011,0,92016,3500,0,0,5880000,0
586,5,2014,0,68871,2000,0,0,7280000,0
587,17,2010,0,131144,45,0,0,4410000,0
590,17,2008,1,140038,4600,0,0,5250000,0
591,5,2011,1,265935,3500,0,0,4410000,0
593,13,2008,0,178406,4400,0,0,3360000,0
594,14,2009,1,95321,3500,0,0,6448000,0
596,5,2007,1,171104,3500,0,0,3952000,0
598,14,2006,0,130145,4700,0,0,3255000,0
600,5,2014,0,70964,36,0,0,5200000,0
602,14,2011,0,196286,4600,0,0,15600000,0
603,17,2011,1,200436,4600,0,0,8900000,0
604,5,2010,1,134105,3500,0,0,3675000,0
605,27,2012,1,153345,2700,0,0,8112000,0
609,5,2014,0,271943,3500,0,0,5200000,0
610,14,2010,0,114626,3500,2,0,6760000,0
611,17,2018,1,115896,3500,0,0,24150000,0
612,5,2012,1,1284898,3500,0,0,5250000,0
613,27,2012,0,162229,2700,0,0,12600000,0
615,5,2012,1,201267,3500,0,0,4725000,0
622,17,2009,1,96757,3000,1,0,4620000,0
624,17,2012,1,55264,3500,0,0,14352000,0
631,5,2018,1,14405,3500,0,0,18375000,0
632,5,2011,0,262832,3500,0,0,4410000,0
634,5,2012,0,80400,2000,0,0,3360000,0
635,5,2012,1,290049,3500,0,0,5250000,0
640,17,2009,0,103752,4700,0,0,4410000,0
642,14,2004,0,84195,4700,0,0,4992000,0
649,5,2012,0,108572,3500,0,0,3150000,0
650,17,2007,0,239582,3500,0,0,4056000,0
651,27,2008,0,165146,4000,0,0,5200000,0
652,17,2009,0,159366,3500,0,0,4992000,0
653,27,2007,0,140882,2700,0,0,6760000,0
658,14,2008,0,169887,3500,0,0,3675000,0
659,14,2010,1,91604,3500,0,0,9391200,0
661,14,2005,0,67744,4700,0,0,4160000,0
663,5,2011,0,262832,3500,0,0,4410000,0
664,14,2006,0,130145,4700,0,0,3255000,0
665,13,2006,1,212485,4400,0,0,6090000,0
666,5,2018,1,14405,3500,0,0,18375000,0
670,14,2010,0,310442,3400,0,0,5775000,0
671,27,2007,1,172580,2400,0,0,4576000,0
673,27,2004,1,387265,3500,0,0,3465000,0
674,27,2012,0,162229,2700,0,0,12600000,0
675,27,2004,1,2671736,2400,0,0,4992000,0
676,17,2012,0,176123,4600,0,0,7875000,0
681,13,2017,1,87589,3000,0,0,32550000,0
683,14,2008,0,169887,3500,0,0,3675000,0
688,17,2009,0,159366,3500,0,0,4992000,0
689,17,2009,1,96757,3000,1,0,4620000,0
690,27,2011,0,90000,3500,0,0,8320000,0
693,27,2009,1,209830,2700,0,0,7800000,0
694,13,2012,0,21632,2000,0,0,6090000,0
695,13,2006,1,212485,4400,0,0,6090000,0
696,27,2014,0,48858,3500,0,0,7280000,0
700,13,2013,0,52502,5000,0,0,15600000,0
710,27,2007,1,178364,3300,0,0,3675000,0
711,14,2008,1,264214,4700,0,0,9360000,0
719,17,2008,0,91566,3500,0,0,3675000,0
720,27,2014,0,48858,3500,0,0,7280000,0
721,14,2010,1,91604,3500,0,0,9391200,0
723,13,2013,0,52502,5000,0,0,15600000,0
724,27,2015,0,13022,1800,0,0,7280000,0
725,17,2009,0,103752,4700,0,0,4410000,0
728,27,2013,0,192609,3500,0,0,6760000,0
729,13,2007,0,117254,4400,0,0,3640000,0
733,14,2007,1,298814,3500,0,0,5512000,0
738,5,2013,0,153535,20,0,0,3640000,0
740,14,2004,0,163903,3300,0,0,3744000,0
743,17,2009,0,193057,3500,0,0,5824000,0
744,5,2008,0,169315,3500,0,0,3328000,0
745,27,2013,0,106032,2700,0,0,5460000,0
748,27,2013,0,76803,2700,0,0,4830000,0
749,27,2011,0,90000,3500,0,0,8320000,0
750,5,2014,0,42095,2400,0,0,5200000,0
753,27,2015,1,94222,3500,0,0,12075000,0
754,22,2005,1,222372,3200,0,0,6300000,0
755,17,2011,0,167340,3500,0,0,10920000,0
756,27,2008,1,108226,57,0,0,4725000,0
758,27,2016,0,66489,3600,0,0,5775000,0
759,5,2008,0,169315,3500,0,0,3328000,0
762,17,2012,0,176123,4600,0,0,7875000,0
763,14,2004,0,163903,3300,0,0,3744000,0
765,27,2012,0,27981,3500,0,0,6240000,0
766,17,2009,0,179870,3500,0,0,3832500,0
767,5,2017,0,64052,3500,0,0,8400000,0
768,27,2011,0,76187,3500,0,0,4830000,0
773,27,2015,1,94222,3500,0,0,12075000,0
774,14,2006,0,88003,3300,2,0,3150000,0
778,17,2011,0,9388,3500,0,0,5250000,0
780,17,2009,0,80323,3500,0,0,4680000,0
781,27,2013,0,241993,2700,0,0,6864000,0
783,14,2010,1,110466,3500,2,2,8925000,0
786,5,2014,0,111941,3500,0,0,4200000,0
787,5,2007,1,275873,3500,0,0,3744000,0
789,27,2014,1,160922,2500,0,0,8400000,0
790,27,2009,0,89348,2700,0,0,5200000,0
801,17,2010,0,120908,3500,0,0,4725000,0
803,27,2008,0,236274,4800,0,0,4200000,0
805,17,2009,0,80323,3500,0,0,4680000,0
808,5,2013,0,161753,35,0,0,3640000,0
809,27,2009,0,173367,2700,0,0,8320000,0
810,27,2008,1,102613,3300,0,0,4725000,0
811,27,2014,0,95945,2700,0,0,15225000,0
812,10,2013,1,262159,3500,0,0,9360000,0
817,27,2016,0,66489,3600,0,0,5775000,0
819,14,2005,0,161376,3300,0,0,3432000,0
823,27,2006,0,107499,4000,0,0,5250000,0
829,10,2011,0,80020,5600,0,0,8400000,0
833,14,2010,1,115026,3500,0,0,9672000,0
838,11,2018,1,56222,3600,0,0,37440000,0
841,27,2010,0,183175,30,0,0,10175000,0
845,27,2005,0,191857,2400,0,0,3120000,0
847,22,2014,0,61129,4800,0,0,6510000,0
851,5,2008,0,209016,3000,0,0,2392000,0
853,27,2014,1,160922,2500,0,0,8400000,0
855,14,2004,0,140740,3300,0,0,3150000,0
859,14,2008,0,175395,3500,0,0,3848000,0
860,17,2006,0,72991,3500,0,0,3360000,0
861,27,2008,0,251684,3500,0,0,3885000,0
866,14,2010,1,165472,3500,0,0,7350000,0
867,5,2010,0,156649,4000,0,0,3675000,0
870,10,2015,1,135688,35000,0,0,14700000,0
873,5,2012,0,108728,3500,0,0,3640000,0
874,10,2011,0,80020,5600,0,0,8400000,0
880,14,2010,0,78708,3500,0,0,5310000,0
881,10,2008,0,109552,5600,0,0,3675000,0
887,10,2008,0,250706,5600,0,0,3675000,0
892,27,2009,0,94618,3500,0,0,4725000,0
895,5,2010,0,156649,4000,0,0,3675000,0
896,17,2006,0,72991,3500,0,0,3360000,0
899,10,2014,0,60219,3500,0,0,9450000,0
900,14,2008,0,257449,3500,0,0,3570000,0
902,17,2012,1,228207,3500,0,0,7350000,0
907,27,2007,0,106027,24,0,0,3432000,0
908,14,2008,0,186456,35,0,0,3570000,0
910,10,2010,0,48902,5600,0,0,4200000,0
917,14,2010,0,78708,3500,0,0,5310000,0
920,27,2011,0,364344,2500,0,0,3560000,0
921,14,2008,0,230751,3500,0,0,4472000,0
922,11,2008,0,228941,3000,0,0,1680000,0
923,27,2006,0,253577,3300,0,0,3328000,0
929,14,2008,1,155665,3500,0,0,3570000,0
935,14,2007,0,203830,3500,0,0,4576000,0
939,27,2011,0,61436,2000,0,0,5625000,0
942,5,2012,0,160553,3500,0,0,4160000,0
943,5,2008,0,218896,3500,0,0,2100000,0
951,27,2011,1,12683,2700,0,0,14175000,0
953,0,2009,0,182036,3500,0,0,3120000,0
955,14,2007,0,123673,3500,0,0,3952000,0
962,14,2008,0,230751,3500,0,0,4472000,0
967,14,2007,0,203830,3500,0,0,4576000,0
968,27,2008,0,251684,3500,0,0,3885000,0
971,5,2008,0,218896,3500,0,0,2100000,0
973,17,2013,0,125394,4700,0,0,12375000,0
975,14,2011,0,181282,3500,0,0,7280000,0
976,5,2016,0,115658,3500,0,0,10500000,0
980,27,2009,0,94618,3500,0,0,4725000,0
984,27,2002,0,187433,3000,0,0,2100000,0
987,13,2007,0,131041,4400,0,0,2625000,0
992,13,2007,0,131041,4400,0,0,2625000,0
993,5,2004,1,398223,4000,0,0,2940000,0
994,14,2011,0,181282,3500,0,0,7280000,0
995,14,2010,0,93872,3500,0,0,6775000,0
999,14,2008,0,100098,3500,0,0,3675000,0
1010,14,2010,1,165472,3500,0,0,7350000,0
1022,17,2012,0,50149,3500,0,0,7800000,0
1023,5,2004,1,398223,4000,0,0,2940000,0
1025,17,2013,0,125394,4700,0,0,12375000,0
1026,27,2009,0,172537,3500,0,0,4725000,0
1027,17,2010,0,34365,3500,0,0,7280000,0
1029,5,2007,0,115975,3500,0,0,2200000,0
1031,22,2017,0,68343,3600,0,0,18900000,0
1034,14,2004,0,182267,4700,0,0,2625000,0
1037,9,2015,0,85847,1600,0,0,5040000,0
1039,27,2002,0,187433,3000,0,0,2100000,0
1041,27,2008,0,141473,2400,0,0,2925000,0
1043,5,2007,1,467397,3500,0,0,2835000,0
1045,27,2009,0,85296,3500,0,0,4830000,0
1065,13,2008,0,78565,4400,0,0,2415000,0
1068,14,2008,1,155665,3500,0,0,3570000,0
1073,27,2008,0,307470,2400,0,0,2835000,0
1076,5,2007,0,115975,3500,0,0,2200000,0
1081,27,2009,0,172537,3500,0,0,4725000,0
1082,5,2012,0,130722,3500,0,2,2835000,0
1086,14,2010,1,279373,3500,0,0,9880000,0
1087,9,2013,1,139775,2000,0,0,8112000,0
1089,17,2007,0,210226,4500,0,0,4249440,0
1092,17,2007,1,192028,3500,0,0,6448000,0
1093,14,2004,0,179555,3400,0,0,3640000,0
1096,11,2011,1,119865,3700,0,0,5775000,0
1101,0,2005,1,288147,3500,0,0,2310000,0
1102,14,2004,0,78851,3600,0,0,3848000,0
1104,22,2017,0,68343,3600,0,0,18900000,0
1105,14,2003,0,299647,4700,0,0,3675000,0
1107,14,2010,0,108096,5700,0,0,15750000,0
1110,14,2004,0,78851,3600,0,0,3848000,0
1114,9,2013,1,139775,2000,0,0,8112000,0
1116,27,2008,0,56479,3500,0,0,5400000,0
1121,14,2003,0,252622,3500,0,0,2600000,0
1122,21,2007,1,322537,3400,0,0,2205000,0
1127,14,2003,0,252622,3500,0,0,2600000,0
1131,27,2006,0,206432,3300,0,0,2860000,0
1132,5,2007,0,127500,4000,0,0,2205000,0
1135,27,2003,0,199651,4000,0,0,2912000,0
1145,8,2005,0,139809,6000,0,0,6300000,0
1147,14,2005,0,134607,4500,0,0,2625000,0
1161,27,2005,0,98692,2400,0,0,2600000,0
1162,5,2012,0,226281,3500,0,0,2520000,0
1164,0,2008,0,158238,2300,0,0,3432000,0
1166,9,2014,1,112615,2400,0,0,6825000,0
1171,14,2004,0,254872,3300,0,0,3150000,0
1173,13,2014,1,204656,3500,0,0,22050000,0
1179,9,2015,0,71181,1600,0,0,8400000,0
1180,27,2007,0,290721,3500,0,0,2782500,0
1186,27,2005,0,98692,2400,0,0,2600000,0
1187,10,2004,0,101828,4500,0,0,2625000,0
1189,9,2015,0,86960,3300,0,0,6615000,0
1190,5,2010,0,280188,3000,0,0,2625000,0
1193,9,2015,1,122448,2400,0,3,9450000,0
1199,5,2010,1,463172,3000,0,0,2835000,0
1205,14,2008,0,100098,3500,0,0,3675000,0
1206,13,2007,0,185503,4200,0,0,2100000,0
1207,27,2002,0,196880,5600,0,0,2310000,0
1209,27,2008,0,308809,3500,0,0,2625000,0
1210,9,2014,1,112615,2400,0,0,6825000,0
1211,27,2007,0,91854,2400,0,0,2205000,0
1213,27,2008,0,211165,3500,0,0,2625000,0
1218,13,2014,1,204656,3500,0,0,22050000,0
1219,27,2004,0,138325,4700,0,0,2912000,0
1223,17,2007,1,305375,3500,0,0,3675000,0
1225,0,2007,0,354807,3700,0,0,2572500,0
1232,19,2008,1,113279,3500,0,0,3675000,0
1239,5,2010,0,280188,3000,0,0,2625000,0
1240,27,2008,0,211165,3500,0,0,2625000,0
1252,0,2008,0,186539,3700,0,0,2940000,0
1260,14,2009,0,1530065,3500,0,0,4784000,0
1262,10,2006,0,169239,5600,0,0,1675000,0
1263,5,2013,0,99988,3500,0,0,2625000,0
1264,27,2006,0,341149,3500,0,0,2625000,0
1265,27,2004,0,96072,4000,0,0,1837500,0
1271,0,2006,0,114031,3500,0,0,1768000,0
1275,9,2013,0,85345,2400,0,0,4042500,0
1279,0,2009,0,429408,3700,0,0,2625000,0
1290,0,2010,0,112020,3700,0,0,4680000,0
1291,9,2014,0,101951,2000,0,0,3360000,0
1297,27,2015,1,46336,3500,0,0,15080000,0
1298,5,2010,1,463172,3000,0,0,2835000,0
1300,5,2007,1,292069,3500,0,0,3640000,0
1301,27,2004,0,165284,3300,0,0,2756000,0
1302,21,2007,1,322537,3400,0,0,2205000,0
1305,17,2007,1,305375,3500,0,0,3675000,0
1306,27,2004,0,141882,3500,0,0,2310000,0
1308,17,2008,0,324323,4700,0,0,6760000,0
1312,27,2005,0,94077,3300,0,0,2520000,0
1313,17,2006,0,13571,3400,0,0,3744000,0
1315,8,2005,0,139809,6000,0,0,6300000,0
1321,27,2015,1,46336,3500,0,0,15080000,0
1322,5,2010,0,248893,3500,0,0,2467500,0
1327,14,2005,0,156418,3300,0,0,3328000,0
1328,27,2006,0,96343,3500,0,0,1995000,0
1329,27,2008,0,93578,3500,0,0,3952000,0
1336,27,2002,0,215340,3000,0,0,2200000,0
1339,13,2009,0,128701,4400,0,0,2940000,0
1341,0,2010,0,112020,3700,0,0,4680000,0
1345,27,2007,0,108179,2400,0,0,2625000,0
1346,27,2005,0,245731,3300,0,0,2310000,0
1347,17,2008,0,324323,4700,0,0,6760000,0
1349,27,2003,0,342633,4000,0,0,2300000,0
1358,5,2007,0,209088,3500,0,0,1890000,0
1360,5,2010,0,248893,3500,0,0,2467500,0
1361,27,2006,0,96343,3500,0,0,1995000,0
1362,14,2005,0,57855,3300,0,0,2835000,0
1366,17,2010,0,84345,3500,0,0,5775000,0
1369,10,2006,0,169239,5600,0,0,1675000,0
1373,4,2009,1,274542,3600,0,0,6300000,0
1378,5,2007,0,95227,3500,0,0,2600000,0
1380,27,2003,0,112583,3000,0,0,2100000,0
1382,27,2011,0,248863,3500,0,0,6240000,0
1385,27,2005,0,245731,3300,0,0,2310000,0
1388,14,2008,1,149092,3500,0,0,5145000,0
1390,27,2009,0,143829,2700,0,0,5512000,0
1391,27,2002,0,215340,3000,0,0,2200000,0
1396,19,2008,1,113279,3500,0,0,3675000,0
1398,17,2010,0,161785,3500,0,0,5550000,0
1402,5,2007,0,95227,3500,0,0,2600000,0
1404,14,2008,1,149092,3500,0,0,5145000,0
1412,27,2011,0,115034,2700,0,0,6968000,0
1413,27,2003,0,342633,4000,0,0,2300000,0
1415,5,2013,0,99988,3500,0,0,2625000,0
1420,12,2013,0,37455,3500,0,0,3412500,0
1424,25,2009,0,155231,2400,0,0,2625000,0
1440,27,2010,1,210366,2500,0,0,5616000,0
1446,11,2007,0,75157,3700,0,0,1575000,0
1447,12,2012,0,145309,3500,0,0,5250000,0
1450,9,2010,0,112204,2200,0,0,4200000,0
1459,14,2002,0,190875,3000,0,0,2184000,0
1465,27,2003,0,270359,4700,0,0,2548000,0
1466,5,2008,0,252855,3500,0,0,1680000,0
1470,5,2013,0,31192,1600,0,0,4680000,0
1471,12,2012,0,145309,3500,0,0,5250000,0
1477,27,2003,0,270359,4700,0,0,2548000,0
1482,9,2019,0,43168,1600,0,0,6825000,0
1488,12,2013,0,134013,3800,0,0,4410000,0
1498,27,2009,0,11582,3500,0,3,4200000,0
1510,12,2015,0,62440,35000,0,0,7350000,0
1517,14,2001,0,336469,3000,0,0,1680000,0
1520,27,2004,0,100399,3000,0,0,2184000,0
1523,9,2009,1,113451,3300,0,0,2940000,0
1524,16,2006,1,222788,2700,0,0,2415000,0
1532,14,2001,0,336469,3000,0,0,1680000,0
1533,16,2007,1,322125,3500,0,0,4004000,0
1534,27,2011,0,104659,2700,0,0,4725000,0
1535,27,2017,0,8383,4000,0,0,34650000,0
1536,9,2009,1,113451,3300,0,0,2940000,0
1538,16,2008,0,147971,3700,0,0,3328000,0
1539,16,2010,1,340782,3700,0,0,4700000,0
1541,14,2007,0,392106,3500,0,0,3045000,0
1543,13,2006,0,232306,4400,0,0,2100000,0
1544,16,2010,1,97408,35,0,0,4200000,0
1550,27,2003,0,138465,4700,0,0,2496000,0
1553,9,2007,1,178427,3500,0,0,3588000,0
1556,12,2011,1,255053,2400,0,0,6300000,0
1561,27,2003,0,138465,4700,0,0,2496000,0
1568,14,2004,0,261065,3000,0,0,2730000,0
1569,16,2010,1,97408,35,0,0,4200000,0
1573,14,2013,0,89456,3500,0,0,8400000,0
1576,12,2011,1,255053,2400,0,0,6300000,0
1579,16,2014,1,82730,2500,0,0,6825000,0
1588,16,2008,1,129518,3500,0,0,3360000,0
1592,16,2007,1,322125,3500,0,0,4004000,0
1593,9,2011,0,107347,2400,0,0,3150000,0
1596,14,2009,1,127446,3500,0,0,4200000,0
1597,27,2008,0,104417,3500,0,0,6136000,0
1598,17,2006,0,104613,5000,0,0,3640000,0
1599,27,2006,0,92498,2500,0,0,2625000,0
1605,0,2004,0,231349,3500,0,0,2402400,0
1610,27,2006,0,92498,2500,0,0,2625000,0
1611,27,2007,0,89114,2000,0,0,2415000,0
1612,27,2004,0,455552,2000,0,0,2080000,0
1614,16,2010,1,236399,3700,0,0,4500000,0
1618,17,2006,0,59225,3500,0,0,3360000,0
1619,27,2009,0,11582,3500,0,3,4200000,0
1620,27,2010,1,210366,2500,0,0,5616000,0
1622,15,2009,1,119687,3500,0,0,6090000,0
1629,16,2007,0,131038,23000,0,0,2600000,0
1634,16,2008,1,284391,3700,0,0,3990000,0
1635,17,2006,0,104613,5000,0,0,3640000,0
1637,12,2009,1,231640,3800,0,0,4305000,0
1638,10,2008,0,168262,3500,0,0,1575000,0
1640,12,2011,0,125110,1600,0,0,3675000,0
1641,5,2011,0,273106,3000,0,0,2310000,0
1642,7,2009,1,511741,3500,0,0,4725000,0
1645,16,2008,0,263513,3700,0,0,2912000,0
1647,16,2007,0,160611,3500,0,0,3150000,0
1655,27,2003,0,112583,3000,0,0,2100000,0
1657,0,2004,0,231349,3500,0,0,2402400,0
1662,16,2010,0,116506,3700,0,0,3465000,0
1663,12,2011,0,73402,2400,0,0,3255000,0
1665,12,2011,0,73402,2400,0,0,3255000,0
1670,9,2011,0,104500,2000,0,0,2257500,0
1673,27,2006,1,319745,3300,0,0,3517500,0
1674,0,2005,0,309945,3500,0,0,1716000,0
1680,12,2008,1,143438,2000,0,0,3570000,0
1683,27,2008,0,152660,3500,0,0,2415000,0
1684,5,2009,0,103814,3500,0,0,2100000,0
1691,17,2010,0,87147,3500,0,0,7280000,0
1695,27,2005,0,66653,2500,0,0,1976000,0
1696,16,2010,1,236399,3700,0,0,4500000,0
1699,27,2011,0,69658,2400,0,0,4095000,0
1700,16,2011,1,162660,3000,0,0,3990000,0
1714,14,2004,0,261065,3000,0,0,2730000,0
1725,12,2015,0,96648,2000,0,0,8400000,0
1727,27,2006,0,303795,2400,0,0,2625000,0
1732,27,2020,0,13668,3500,0,0,39900000,0
1733,7,2011,1,3621,3500,0,0,6240000,0
1738,17,2006,0,96521,3500,0,0,3640000,0
1743,7,2007,1,283271,3500,0,0,3150000,0
1750,27,2005,0,66653,2500,0,0,1976000,0
1757,27,2008,1,12500,3500,0,0,2940000,0
1758,27,2002,0,107954,3000,0,0,1575000,0
1759,14,2004,0,16767,3300,0,0,2730000,0
1763,7,2016,0,142904,3500,0,0,10500000,0
1765,17,2006,0,96521,3500,0,0,3640000,0
1768,13,2010,0,269558,5000,0,0,2730000,0
1769,16,2007,1,180255,2300,0,0,2940000,0
1771,14,2004,0,16767,3300,0,0,2730000,0
1774,17,2012,0,164332,3500,0,0,6240000,0
1775,7,2007,1,182702,3500,0,0,3150000,0
1776,5,2013,1,126077,3500,0,0,2625000,0
1779,7,2007,1,405706,3500,0,0,3250000,0
1782,7,2016,0,142904,3500,0,0,10500000,0
1783,14,2017,1,59838,4600,0,0,27300000,0
1786,7,2011,1,3621,3500,0,0,6240000,0
1788,10,2002,0,286114,3500,0,0,1456000,0
1792,7,2009,0,289764,35000,0,0,3045000,0
1795,17,2010,0,87147,3500,0,0,7280000,0
1799,27,2010,0,97244,3500,0,0,6760000,0
1811,7,2007,1,405706,3500,0,0,3250000,0
1817,14,1999,0,59302,3500,0,0,1575000,0
1827,16,2007,1,180255,2300,0,0,2940000,0
1829,10,2002,0,286114,3500,0,0,1456000,0
1831,7,2007,1,125000,3500,0,0,3224000,0
1832,9,2009,0,368168,3300,0,0,2415000,0
1835,9,2014,1,120005,3300,0,0,9880000,0
1844,19,2013,1,42618,3500,0,0,3570000,0
1874,12,2011,0,128051,3500,0,0,3675000,0
1875,27,2014,0,51400,3500,0,0,6760000,0
1879,14,2008,1,198621,3500,0,0,6240000,0
1884,19,2010,1,353097,2500,0,0,3465000,0
1886,27,2002,0,107954,3000,0,0,1575000,0
1888,14,1999,0,53312,3000,0,0,1575000,0
1891,7,2005,0,24726,2400,0,0,1560000,0
1896,7,2012,1,79396,2400,0,0,5775000,0
1902,27,2006,0,284652,3300,0,0,2625000,0
1903,19,2009,1,257648,2500,0,2,3150000,0
1905,14,2000,0,485206,3000,0,0,1680000,0
1909,19,2011,1,335021,2500,0,2,3780000,0
1910,7,2012,1,79396,2400,0,0,5775000,0
1911,5,2002,0,253810,4000,0,0,1470000,0
1912,7,2015,1,83310,2400,0,2,8400000,0
1914,14,2013,0,82065,3500,0,0,8528000,0
1917,27,2006,0,284652,3300,0,0,2625000,0
1926,5,2010,0,288554,3500,0,0,3328000,0
1935,19,2014,0,55684,3500,0,0,5250000,0
1940,16,2007,0,190830,2300,0,0,3432000,0
1941,12,2013,1,134409,2400,0,0,6615000,0
1943,19,2015,0,50278,3500,0,0,7875000,0
1949,19,2009,1,380428,2500,0,0,3465000,0
1952,5,2013,0,188352,3500,0,0,3640000,0
1960,5,2002,0,253810,4000,0,0,1470000,0
1964,27,2006,0,240002,2400,0,0,3016000,0
1971,19,2006,0,57358,3500,0,0,1560000,0
1972,7,2005,0,24726,2400,0,0,1560000,0
1973,19,2013,0,94141,35,0,0,6300000,0
1976,7,2004,1,401187,3500,0,0,2912000,0
1977,7,2015,0,78522,2000,0,0,7875000,0
1982,9,2014,1,120005,3300,0,0,9880000,0
1983,19,2010,1,353097,2500,0,0,3465000,0
1987,14,2008,1,198621,3500,0,0,6240000,0
1988,27,2005,0,10680,47,0,0,2100000,0
1989,27,2006,0,240325,3300,2,0,1890000,0
1993,27,2000,0,259598,3000,0,0,1365000,0
2002,19,2006,0,57358,3500,0,0,1560000,0
2004,7,2012,0,227802,3500,0,0,6760000,0
2005,7,2007,1,165176,35,0,0,3432000,0
2015,14,2000,0,222631,4700,0,0,1470000,0
2022,19,2010,0,184695,2500,0,2,2100000,0
2028,7,2009,0,312879,3500,0,0,3150000,0
2029,27,1997,0,410470,3400,0,0,1470000,0
2033,27,2005,0,10680,47,0,0,2100000,0
2036,7,2010,0,109575,3500,0,0,3120000,0
2037,19,2006,0,38345,2500,0,0,1560000,0
2040,27,2006,0,142285,3500,0,0,2100000,0
2054,19,2015,0,32325,3500,0,0,7560000,0
2078,27,2006,0,142285,3500,0,0,2100000,0
2095,7,2015,0,78522,2000,0,0,7875000,0
2096,7,2007,1,389149,3500,0,0,2912000,0
2100,7,2003,0,175567,3500,0,0,1612000,0
2101,27,2005,0,342742,3300,0,0,1680000,0
2108,11,2014,0,51566,3600,0,0,18900000,0
2112,19,2008,1,213339,2500,0,0,3028000,0
2113,27,2006,0,207615,4000,0,0,6240000,0
2117,7,2013,0,104281,2400,0,0,4200000,0
2119,7,2009,0,202694,3500,0,0,2625000,0
2120,7,2011,0,226014,3500,0,0,2940000,0
2121,9,2012,0,100000,2500,0,0,2625000,0
2122,5,2001,0,183738,2300,0,0,1470000,0
2128,7,2008,0,344223,3500,0,0,2600000,0
2129,9,2010,0,262797,3800,0,0,2677500,0
2132,14,1999,0,2254489,3500,0,0,1575000,0
2134,19,2015,0,32325,3500,0,0,7560000,0
2137,12,2013,1,134409,2400,0,0,6615000,0
2139,11,2014,0,51566,3600,0,0,18900000,0
2141,18,2007,0,220442,3800,0,0,3465000,0
2143,19,2014,0,93520,5600,0,0,2310000,0
2146,27,2003,0,116440,2000,0,0,2080000,0
2150,0,2002,0,200741,3500,0,0,1260000,0
2153,7,2008,0,344223,3500,0,0,2600000,0
2156,19,2013,0,43644,2000,0,2,2940000,0
2164,5,2007,0,217815,3000,0,0,1575000,0
2166,7,2009,0,49198,3500,0,0,2730000,0
2173,7,2010,0,109575,3500,0,0,3120000,0
2177,7,2004,0,255711,3500,0,0,2496000,0
2186,7,2007,1,389149,3500,0,0,2912000,0
2187,7,2003,0,175567,3500,0,0,1612000,0
2191,27,2006,0,111133,2400,0,0,2047500,0
2193,7,2006,0,328495,3500,0,0,1872000,0
2194,7,2004,1,401187,3500,0,0,2912000,0
2195,14,2007,0,220726,3500,0,0,4680000,0
2197,5,2010,0,270431,3500,0,0,2612000,0
2202,27,2003,0,170206,3000,0,0,2704000,0
2208,7,2005,0,159924,3500,0,0,1872000,0
2211,2,2002,0,176466,3000,0,0,1687500,0
2212,5,2001,0,239647,2800,0,0,1365000,0
2214,14,2007,0,220726,3500,0,0,4680000,0
2215,27,2003,0,116440,2000,0,0,2080000,0
2216,24,2012,1,163834,2000,0,0,10185000,0
2217,17,2007,0,110735,3500,0,0,2940000,0
2219,14,2004,0,151357,3300,0,0,4680000,0
2222,9,2012,0,1580052,2200,0,0,2310000,0
2226,17,2007,0,110735,3500,0,0,2940000,0
2233,19,2007,0,233903,3000,0,0,1680000,0
2234,7,2005,0,273444,3500,0,0,1560000,0
2243,5,2007,0,115945,3500,0,3,1575000,0
2246,14,2008,0,115820,4700,0,0,4200000,0
2247,17,2007,0,243975,4700,0,0,2310000,0
2250,19,2014,0,93520,5600,0,0,2310000,0
2254,9,2009,0,87854,2000,0,0,1575000,0
2260,14,2000,0,222631,4700,0,0,1470000,0
2264,12,2013,0,85282,2400,0,0,4200000,0
2275,27,2007,0,150420,2400,0,0,2100000,0
2282,7,2004,0,143321,2300,0,0,2704000,0
2283,13,2006,0,188429,4200,0,0,2940000,0
2284,19,2007,0,233903,3000,0,0,1680000,0
2290,27,2003,0,170206,3000,0,0,2704000,0
2300,7,2006,0,233846,3500,0,0,1575000,0
2304,19,2014,0,118154,2500,0,2,5775000,0
2305,18,2004,0,361889,3800,0,0,2625000,0
2308,27,2012,1,206117,3500,0,0,9152000,0
2309,5,2013,0,133104,3500,0,0,3465000,0
2310,12,2013,0,85282,2400,0,0,4200000,0
2311,10,2001,0,141538,3500,0,0,1260000,0
2316,18,2003,0,246600,2400,0,0,1575000,0
2321,7,2011,0,166352,3500,0,0,2415000,0
2322,7,2005,0,273444,3500,0,0,1560000,0
2323,19,2005,0,208886,40,0,0,3016000,0
2328,17,2009,0,151643,4000,0,0,4725000,0
2330,14,2005,0,174427,3300,0,0,3045000,0
2337,19,2009,0,213292,3500,0,2,1575000,0
2345,14,2000,0,154995,3500,0,0,1680000,0
2348,7,2007,0,134716,2400,0,0,2046000,0
2350,17,2008,0,142557,47000,0,0,4725000,0
2351,7,2009,0,179313,3500,0,0,2625000,0
2365,27,2008,1,105681,3500,0,0,26000000,0
2373,19,2001,0,188490,3300,0,0,1260000,0
2376,17,2007,0,243975,4700,0,0,2310000,0
2391,17,2009,0,151643,4000,0,0,4725000,0
2401,7,2009,0,179313,3500,0,0,2625000,0
2410,27,2008,0,56761,5700,0,0,5250000,0
2412,5,2007,0,115945,3500,0,3,1575000,0
2424,27,2008,0,56761,5700,0,0,5250000,0
2430,19,2003,0,239830,2500,0,0,1785000,0
2432,7,2008,0,88690,2400,0,0,2100000,0
2435,13,2006,0,114307,4400,0,0,1680000,0
2436,14,2000,0,154995,3500,0,0,1680000,0
2442,7,2011,0,166352,3500,0,0,2415000,0
2444,27,2001,0,174340,2000,0,0,1872000,0
2446,14,2005,0,221522,3300,0,0,3328000,0
2455,14,2009,0,156501,3500,0,0,3585000,0
2458,27,2003,0,218717,2000,0,0,1768000,0
2462,19,2005,0,468578,2500,0,0,1680000,0
2463,17,2005,0,134162,3700,0,0,2940000,0
2467,7,2004,0,215019,3500,0,0,1560000,0
2469,17,2008,0,212117,3500,0,0,3150000,0
2473,5,2008,0,171962,3500,0,0,2704000,0
2474,7,2007,1,183460,35,0,0,3150000,0
2486,19,2008,0,77687,45,0,0,1575000,0
2488,17,2003,0,320327,3200,0,0,1872000,0
2493,2,2002,0,176466,3000,0,0,1687500,0
2500,10,2004,0,262823,3500,0,0,1575000,0
2504,19,2009,0,213292,3500,0,2,1575000,0
2521,17,2003,0,320327,3200,0,0,1872000,0
2538,17,2002,1,311373,3200,0,0,2625000,0
2547,7,2007,0,140942,2400,0,0,1890000,0
2558,14,1999,0,225668,3000,0,0,1938000,0
2560,19,2013,0,99116,2000,0,0,2100000,0
2573,19,2005,0,185972,4700,0,0,2100000,0
2574,7,2007,1,183460,35,0,0,3150000,0
2575,18,2003,0,165711,2000,0,0,1365000,0
2577,7,2003,0,404395,3000,0,0,1664000,0
2578,17,2014,0,29355,4700,0,0,15600000,0
2579,7,2007,0,343376,2000,0,0,2310000,0
2582,7,2004,1,397157,2400,0,0,2310000,0
2587,27,2001,0,119510,3000,0,0,1352000,0
2589,18,2003,0,165711,2000,0,0,1365000,0
2590,7,2008,0,129345,2400,0,0,2808000,0
2591,19,2001,0,254983,3500,0,0,1050000,0
2593,17,2006,0,172043,5000,0,0,2730000,0
2602,7,2009,0,87829,2400,0,0,2100000,0
2604,7,2003,0,227135,3500,0,3,1260000,0
2607,7,2007,0,140942,2400,0,0,1890000,0
2609,10,2004,0,102584,3500,0,0,1768000,0
2612,7,2004,1,397157,2400,0,0,2310000,0
2628,27,2007,0,223493,3500,2,0,2100000,0
2630,16,2008,1,185577,2300,0,0,2835000,0
2641,7,2007,0,186435,2400,0,0,2310000,0
2642,18,2001,0,285619,3000,0,0,1155000,0
2653,27,2003,0,218717,2000,0,0,1768000,0
2658,14,2013,0,173409,3500,0,0,8400000,0
2664,7,2007,0,186435,2400,0,0,2310000,0
2675,14,2008,1,169765,3500,0,0,5928000,0
2676,19,2001,0,254983,3500,0,0,1050000,0
2679,10,2004,0,102584,3500,0,0,1768000,0
2680,5,2007,0,192111,3500,0,0,1732500,0
2686,18,2001,0,285619,3000,0,0,1155000,0
2689,0,2005,0,111304,3500,0,0,1155000,0
2694,5,2005,0,166747,2000,0,0,1250000,0
2699,2,2007,0,316930,3000,0,0,2415000,0
2700,2,2008,1,248853,3000,0,0,5250000,0
2701,5,2005,0,166747,2000,0,0,1250000,0
2710,7,2008,0,158512,3500,0,0,2808000,0
2712,2,2007,0,316930,3000,0,0,2415000,0
2718,5,2014,0,145088,2400,0,0,2940000,0
2733,5,2007,0,192111,3500,0,0,1732500,0
2754,18,2010,0,136376,3500,0,0,3675000,0
2760,0,2005,0,111304,3500,0,0,1155000,0
2762,19,2003,0,210314,3300,0,0,1050000,0
2770,17,2010,1,83411,3500,0,0,8550000,0
2780,14,2000,0,368725,3000,0,0,1365000,0
2787,5,2012,0,115780,2000,0,0,3150000,0
2797,27,2001,0,288909,3300,0,0,1260000,0
2802,27,2005,0,123331,2000,0,1,1785000,0
2805,27,2005,0,123331,2000,0,1,1785000,0
2806,27,2008,1,242748,3500,0,0,4275000,0
2812,2,2013,1,167237,2000,0,0,10500000,0
2817,19,2001,0,230637,3500,0,0,1248000,0
2819,19,1997,0,201847,3300,0,0,1050000,0
2822,7,2003,0,194620,2400,0,0,1575000,0
2832,19,2003,0,210314,3300,0,0,1050000,0
2834,7,2004,0,255681,3500,0,0,1260000,0
2835,7,2010,0,79733,2400,0,0,1995000,0
2841,14,2015,0,125309,3500,0,0,10500000,0
2848,17,2007,0,244307,3500,0,0,2625000,0
2850,29,2005,0,162749,2900,0,0,2080000,0
2881,19,2001,0,230637,3500,0,0,1248000,0
2884,29,2008,0,176452,3200,0,0,2600000,0
2886,7,2007,0,143050,2400,0,0,2912000,0
2891,19,2004,0,395355,3500,0,0,1050000,0
2907,17,2010,1,83411,3500,0,0,8550000,0
2915,9,2006,0,242966,2700,0,0,1260000,0
2917,2,2010,1,280474,3000,0,0,5250000,0
2921,29,2007,0,258928,3200,0,0,2835000,0
2926,2,2016,1,111617,2000,0,0,14700000,0
2929,29,2008,0,163549,3200,0,0,2835000,0
2931,29,2008,1,121034,3200,0,0,2835000,0
2936,9,2003,0,257093,2400,0,0,1155000,0
2939,2,2004,1,232322,3000,0,0,3360000,0
2940,13,2006,1,333151,40000,0,0,5565000,0
2944,27,2008,1,242748,3500,0,0,4275000,0
2952,28,2004,0,199282,4200,0,0,1995000,0
2953,2,2013,1,167237,2000,0,0,10500000,0
2959,28,2012,0,90783,2000,0,0,1575000,0
2960,28,2004,0,199282,4200,0,0,1995000,0
2969,28,2006,0,264945,3200,0,0,1575000,0
2970,14,1999,0,294332,3000,0,0,1365000,0
2972,17,2008,0,225273,3500,0,0,4680000,0
2980,2,2008,1,258273,4800,0,0,3990000,0
2992,29,2007,0,258928,3200,0,0,2835000,0
2994,29,2005,0,125634,2500,0,0,1050000,0
2995,7,2008,0,169918,2400,0,0,2496000,0
3000,0,2005,0,340959,3500,0,0,1155000,0
3005,19,2005,0,174427,4000,0,0,1575000,0
3008,27,2003,0,158207,3000,0,0,1890000,0
3013,29,2005,0,125634,2500,0,0,1050000,0
3014,7,2008,0,169918,2400,0,0,2496000,0
3017,0,2005,0,340959,3500,0,0,1155000,0
3022,19,2006,0,208687,25,0,0,1365000,0
3027,27,2003,0,158207,3000,0,0,1890000,0
3028,28,2006,0,264945,3200,0,0,1575000,0
3029,7,2010,0,79733,2400,0,0,1995000,0
3038,16,2007,0,167427,2300,0,0,1260000,0
3041,12,2006,0,284462,2000,0,1,1260000,0
3047,14,2005,0,196345,3300,0,0,3432000,0
3051,17,2008,0,88737,5600,0,0,4837500,0
3052,27,2016,0,82716,2500,0,0,9360000,0
3086,9,2016,0,207198,1600,0,0,4200000,0
3088,7,2010,1,116737,3500,0,0,4200000,0
3097,27,2001,0,43473,2000,0,0,1050000,0
3098,17,2011,1,113796,4600,0,0,8320000,0
3103,7,2003,0,166375,2400,0,0,1155000,0
3108,17,2015,1,225529,2500,0,0,16640000,0
3114,19,2002,0,253070,3500,0,0,1144000,0
3115,14,2005,0,196345,3300,0,0,3432000,0
3118,7,2003,0,166375,2400,0,0,1155000,0
3126,10,2005,0,133457,5600,0,0,3150000,0
3128,2,2007,0,89287,3000,0,0,2625000,0
3134,14,2017,1,41905,3500,0,0,27040000,0
3140,2,2007,0,89287,3000,0,0,2625000,0
3146,12,2010,0,259460,2400,0,0,1995000,0
3153,14,2017,1,41905,3500,0,0,27040000,0
3177,6,2012,1,89897,2400,0,0,5775000,0
3191,10,2005,0,133457,5600,0,0,3150000,0
3201,5,2011,1,136857,2500,0,0,1260000,0
3208,14,1999,0,404250,3000,0,0,2080000,0
3219,14,2000,0,333387,3000,0,0,1470000,0
3223,1,2010,1,159339,3200,0,0,6300000,0
3244,17,2011,1,129709,5500,0,0,13275000,0
3245,14,2007,0,169032,3300,2,0,1575000,0
3247,5,2007,0,219958,3500,0,0,2025000,0
3248,18,2008,0,70000,3800,0,0,1050000,0
3254,14,1999,0,404250,3000,0,0,2080000,0
3258,14,2007,0,169032,3300,2,0,1575000,0
3274,7,2003,0,305644,3500,0,0,1456000,0
3289,20,1999,0,216343,1800,0,1,1470000,0
3292,7,2003,0,305644,3500,0,0,1456000,0
3305,29,2004,0,567302,2500,0,0,1890000,0
3314,14,2012,0,128484,3500,0,0,8320000,0
3316,5,2011,1,113188,3500,0,0,4162500,0
3317,1,2019,0,24577,5500,0,0,49350000,0
3318,14,2012,0,128484,3500,0,0,8320000,0
3323,12,2011,0,24798,3800,0,0,4200000,0
3324,27,2003,0,157097,4700,0,0,2860000,0
3333,19,2003,0,270851,2500,0,0,1050000,0
3339,20,2000,0,419605,1800,0,0,1260000,0
3348,27,2002,0,261978,3000,0,0,2025000,0
3362,5,2011,1,113188,3500,0,0,4162500,0
3369,12,2011,0,24798,3800,0,0,4200000,0
3389,14,2006,0,63728,3,2,0,3952000,0
3393,27,2004,0,52982,4700,0,0,2808000,0
3402,26,2009,0,113587,2000,0,0,2100000,0
3405,29,2005,1,297589,3000,0,0,1260000,0
3408,27,2004,0,52982,4700,0,0,2808000,0
3414,26,2009,0,113587,2000,0,0,2100000,0
3420,5,2012,1,172743,33,0,0,5460000,0
3421,19,2012,0,199155,2500,0,0,1260000,0
3427,14,2001,0,198044,3000,0,0,1365000,0
3437,7,2004,0,177588,3500,0,0,1872000,0
3438,27,2001,1,111027,3000,0,0,3600000,0
3443,29,2008,1,12074,3200,0,0,3432000,0
3444,5,2009,1,179134,35,0,0,4837500,0
3445,27,2007,0,213548,3500,0,0,3328000,0
3449,14,2001,0,198044,3000,0,0,1365000,0
3452,29,2008,1,12074,3200,0,0,3432000,0
3458,7,2004,0,177588,3500,0,0,1872000,0
3466,27,2001,1,111027,3000,0,0,3600000,0
3483,14,2014,0,53558,3500,0,0,8400000,0
3492,27,2005,0,217805,2400,0,0,1260000,0
3502,9,2004,0,180368,3500,0,0,1260000,0
3524,7,2004,0,198184,3500,0,0,1872000,0
3537,9,2004,0,180368,3500,0,0,1260000,0
3552,17,2014,0,143207,3500,0,0,9000000,0
3569,14,2004,1,94868,4700,0,0,7200000,0
3574,10,2002,0,109615,3500,0,0,892500,0
3575,14,2004,1,94868,4700,0,0,7200000,0
3579,5,2013,1,171155,3500,0,0,4935000,0
3580,19,2001,0,172358,3500,0,0,1248000,0
3591,10,2005,0,204946,3500,0,0,2812500,0
3593,0,2016,0,163198,3500,0,0,11025000,0
3594,14,2001,0,283860,3000,0,0,2600000,0
3600,10,2002,0,109615,3500,0,0,892500,0
3605,14,2013,1,219832,3400,0,0,13500000,0
3607,11,2008,1,239555,3700,0,0,4500000,0
3611,27,2006,0,244551,4000,0,0,3150000,0
3628,18,2005,0,159742,3500,0,0,1012500,0
3631,27,2008,0,206410,2500,0,0,2475000,0
3633,14,2006,1,119197,3300,0,0,5850000,0
3635,9,2013,0,269194,2000,0,0,4095000,0
3636,5,2013,1,226430,2500,0,0,5145000,0
3645,27,2017,1,77647,2500,0,0,12180000,0
3649,27,2020,1,57656,3500,0,0,42750000,0
3651,19,2007,0,136312,4000,0,0,2025000,0
3657,27,2006,0,268487,3300,0,0,2812500,0
3660,14,2004,1,146152,3300,0,0,4515000,0
3661,10,2003,0,195784,3500,0,0,945000,0
3664,27,2003,0,367531,4000,0,0,2137500,0
3668,14,2001,0,227119,3000,0,0,2587500,0
3670,19,1997,0,377755,3300,0,1,840000,0
3676,14,2008,0,164490,3500,0,0,6300000,0
3679,27,1997,0,393678,3400,0,0,1462500,0
3684,7,2004,0,344102,3500,0,0,1687500,0
3691,19,2001,0,318605,3500,0,0,840000,0
3694,14,2001,0,227119,3000,0,0,2587500,0
3700,14,2008,0,164490,3500,0,0,6300000,0
3702,27,1997,0,393678,3400,0,0,1462500,0
3706,19,2002,0,338106,3500,0,0,945000,0
3708,17,2006,0,225474,3500,0,0,4500000,0
3709,7,1997,0,289470,2000,0,0,787500,0
3710,16,2010,0,322717,2500,0,0,2100000,0
3712,19,2001,0,318605,3500,0,0,840000,0
3715,17,2013,0,181876,3500,0,0,12375000,0
3733,14,1999,0,380983,3000,0,0,1687500,0
3736,19,2001,0,266361,3500,0,0,787500,0
3738,27,2010,0,177112,3500,0,0,6525000,0
3743,27,2004,0,189886,4000,0,0,3375000,0
3749,7,2002,0,385231,2400,0,0,945000,0
3751,18,2001,0,188821,3500,0,0,945000,0
3754,5,2014,1,71208,3500,0,0,9000000,0
3755,14,1999,0,197165,3000,0,0,2137500,0
3756,5,2008,0,12500,3000,0,0,1462500,0
3769,5,2014,1,71208,3500,0,0,9000000,0
3771,14,1999,0,197165,3000,0,0,2137500,0
3773,5,2008,0,12500,3000,0,0,1462500,0
3780,14,2005,0,258030,3300,0,0,3600000,0
3794,13,2008,1,137794,3200,0,0,3675000,0
3799,14,2006,0,241518,3300,2,0,3255000,0
3803,27,2008,0,72138,2400,0,0,3640000,0
3805,7,2000,0,198095,2000,0,0,840000,0
3814,5,2012,0,71210,3500,0,0,4837500,0
3815,7,2005,0,94051,3500,0,0,1872000,0
3817,14,2005,1,176454,3000,0,0,4837500,0
3828,27,2006,0,312878,3300,0,0,3375000,0
3853,7,2010,0,115229,3500,0,0,3375000,0
3854,0,2005,0,122273,3500,0,0,2250000,0
3869,7,2010,0,115229,3500,0,0,3375000,0
3878,19,2005,0,136348,4000,0,0,1631250,0
3893,19,2005,0,136348,4000,0,0,1631250,0
3903,17,2007,1,145683,4700,0,0,5625000,0
3910,17,2007,0,94605,3500,0,0,2812500,0
3913,27,2010,1,165262,3500,0,0,9000000,0
3918,17,2007,0,94605,3500,0,0,2812500,0
3922,27,2010,1,165262,3500,0,0,9000000,0
3928,0,2008,0,133729,3700,0,0,5400000,0
3929,27,2004,1,120656,3300,0,0,3990000,0
3933,27,2003,0,342160,3000,0,0,2812500,0
3937,27,2008,1,107241,3500,0,0,5850000,0
3938,27,2008,1,240823,3500,0,0,7875000,0
3941,14,2007,1,86212,3500,0,0,6525000,0
3945,27,2008,1,240823,3500,0,0,7875000,0
3947,14,2007,1,86212,3500,0,0,6525000,0
3951,14,2009,0,25416,3500,0,0,5850000,0
3960,14,2002,0,309946,3000,0,0,2250000,0
3962,2,2007,0,135253,4800,0,0,4500000,0
3964,27,1998,0,382234,3400,0,0,1406250,0
3965,27,1998,0,165135,2000,0,1,840000,0
3967,17,2005,1,256118,3500,0,0,3375000,0
3978,14,2012,1,88804,3500,0,0,11250000,0
3982,10,2007,0,169446,3500,0,0,2812500,0
3986,19,2005,0,113950,3000,0,0,1125000,0
3990,19,2005,0,113950,3000,0,0,1125000,0
3997,27,2008,0,152275,3500,0,0,4387500,0
3999,27,2008,1,168405,2400,0,0,5006250,0
4002,17,2008,0,216496,3500,0,0,3375000,0
4004,27,2010,1,103428,2700,0,0,7560000,0
4006,13,2018,0,8711,3000,0,0,39375000,0
4008,16,2014,1,94365,3500,0,0,8437500,0
4012,27,2002,0,180145,3000,0,0,1912500,0
4014,27,2010,0,144286,2500,0,0,3825000,0
4015,16,2010,0,117611,35,0,0,3487500,0
4019,14,2014,0,82573,4600,0,0,20250000,0
4025,7,2006,0,55258,2400,0,0,1800000,0
4027,3,2020,0,24019,200,0,0,20250000,0
4031,29,2004,1,367920,2900,0,0,2625000,0
4033,3,2020,0,17688,1800,0,0,10125000,0
4037,3,2020,0,17688,1800,0,0,10125000,0
4040,27,2001,0,190597,3000,0,0,2250000,0
4042,27,2010,0,143971,3600,0,0,5625000,0
4044,7,2001,0,201202,2000,0,0,618750,0
4047,27,2013,1,163315,3500,0,0,5163750,0
4048,5,2002,0,158318,3500,0,0,1462500,0
4049,7,2007,0,136866,3500,0,0,2250000,0
4050,7,2007,0,136866,3500,0,0,2250000,0
4052,27,2011,1,66821,2500,0,0,6032000,0
4053,22,2006,1,215921,4500,0,0,5775000,0
4057,27,2009,0,117409,2700,0,0,4387500,0
4058,27,2018,1,64098,2700,0,0,45000000,0
4064,13,2005,0,205158,4400,0,0,3600000,0
4067,27,2001,0,151916,3000,0,0,1575000,0
4075,27,2007,0,126793,3300,2,0,2981250,0
4076,17,2007,0,201183,4700,0,0,5625000,0
4084,14,2006,0,183979,4700,0,0,5720000,0
4085,7,2013,0,103704,25,0,0,5625000,0
